Position,dn,ds,omega,Chr
1,0.0706,0.4457,0.1584,X
100001,0.038,0.4159,0.0924,X
200001,0.13215,0.61495,0.21095,X
300001,0.0506,0.2418,0.2091,X
400001,0.04165,0.4113,0.0913,X
500001,0.0278,0.3974,0.0753,X
600001,0.0431,0.4489,0.1117,X
700001,0.0201,0.3398,0.0528,X
800001,0.06055,0.47455,0.10305,X
900001,0.0129,0.3623,0.0394,X
1000001,0.0911,0.425,0.2567,X
1100001,0.1297,0.442,0.3947,X
1200001,0.0237,0.3714,0.0522,X
1300001,0.0378,0.4622,0.07805,X
1400001,0.04185,0.3877,0.08935,X
1500001,0.0222,0.3594,0.0529,X
1600001,0.0333,0.439,0.0675,X
1800001,0.07225,0.4303,0.1411,X
1900001,0.0271,0.4115,0.0659,X
2000001,0.0745,0.4962,0.146,X
2100001,0.0317,0.4814,0.0659,X
2300001,0.0334,0.5764,0.0595,X
2400001,0.1038,0.4331,0.2484,X
2500001,0.11015,0.5599,0.2022,X
2600001,0.0572,0.47935,0.10345,X
2700001,0.0477,0.4418,0.1209,X
2800001,0.0209,0.4392,0.0561,X
2900001,0.0302,0.4056,0.0746,X
3000001,0.0185,0.3708,0.05565,X
3300001,0.02795,0.36635,0.06835,X
3400001,0.046,0.2962,0.1553,X
3500001,0.0243,0.3982,0.0665,X
3600001,0.0194,0.3711,0.0522,X
3700001,0.098,0.4747,0.2065,X
3800001,0.0547,0.4932,0.1758,X
3900001,0.0459,0.3637,0.147,X
4000001,0.0432,0.34725,0.0888,X
4200001,0.0407,0.3389,0.1121,X
4300001,0.0463,0.5151,0.0807,X
7700002,0.09805,0.59845,0.1891,X
7800002,0.12305,0.56195,0.21515,X
7900002,0.2869,0.6554,0.4378,X
8200002,0.06435,0.47305,0.1744,X
8300002,0.0338,0.4087,0.0827,X
8400002,0.0327,0.3519,0.0933,X
8600002,0.0219,0.4379,0.05,X
8700002,0.1945,0.5704,0.341,X
8800002,0.1351,0.3506,0.3853,X
8900002,0.0163,0.25115,0.05125,X
9000002,0.0819,0.4225,0.1757,X
9100002,0.0973,0.5158,0.1887,X
9200002,0.03625,0.43335,0.0844,X
9300002,0.0619,0.39655,0.13735,X
9400002,0.0246,0.3225,0.0647,X
9500002,0.0182,0.3217,0.0684,X
9600002,0.1629,0.73695,0.2364,X
9700002,0.02505,0.4196,0.06685,X
9800002,0.0276,0.4181,0.0617,X
9900002,0.0189,0.3758,0.05145,X
10000002,0.0639,0.4366,0.1463,X
10100002,0.0722,0.496,0.157,X
10300002,0.0225,0.465,0.0478,X
10400002,0.05095,0.486,0.107,X
10600002,0.003,0.3119,0.0096,X
10700002,0.0232,2e-04,9,X
10800002,0.0313,0.3282,0.0929,X
10900002,0.0502,0.4964,0.1012,X
11000002,0.0159,0.434,0.0323,X
11100002,0.0468,0.4394,0.1305,X
11400002,0.0472,0.4312,0.0704,X
11700002,0.05885,0.32755,0.1711,X
11800002,0.04135,0.4028,0.104,X
11900002,0.0377,0.433,0.0833,X
12000002,0.0474,0.5083,0.0915,X
12100002,0.02285,0.3279,0.07415,X
12200002,0.06685,0.418,0.1484,X
12200003,0.0295,0.3358,0.0668,X
12300003,0.0393,0.30105,0.1079,X
12400003,0.0517,0.3123,0.15485,X
12600003,0.02685,0.36455,0.0421,X
12700003,0.2292,0.6081,0.3769,X
12800003,0.0327,0.3888,0.1255,X
12900003,0.0416,0.3415,0.1398,X
13000003,0.0303,0.27665,0.1177,X
13100003,0.0471,0.4189,0.1191,X
13200003,0.0348,0.3122,0.1171,X
13300003,0.02535,0.3869,0.06245,X
13400003,0.055,0.3838,0.1369,X
13500003,0.0778,0.3543,0.2195,X
13600003,0.0223,0.445,0.0531,X
13700003,0.1288,0.5174,0.2143,X
13800003,0.0157,0.321,0.0663,X
13900003,0.0291,0.3318,0.074,X
14000003,0.0271,0.4072,0.0452,X
14100003,0.03925,0.44995,0.08725,X
14200003,0.0458,0.3862,0.1224,X
14400003,0.04,0.4655,0.0984,X
14600003,0.0099,0.3006,0.0336,X
14700003,0.0453,0.452,0.1101,X
14800003,0.0243,0.2541,0.0831,X
14900003,0.01225,0.39395,0.0474,X
15000003,0.0365,0.38885,0.08725,X
15100003,0.0287,0.3702,0.0736,X
15200003,0.0259,0.38,0.0598,X
15300003,0.03085,0.47875,0.0685,X
15400003,0.02065,0.24665,0.07015,X
15500003,0.02445,0.5178,0.0624,X
15600003,0.0269,0.4387,0.05785,X
15700003,0.1108,0.41365,0.27235,X
15800003,0.097,0.48325,0.19825,X
15900003,0.025,0.2589,0.16825,X
16000003,0.0737,0.637,0.1157,X
16100003,0.0461,0.4674,0.0895,X
16200003,0.05115,0.46505,0.1096,X
16300003,0.01965,0.3932,0.04905,X
16500003,0.10465,0.67995,0.1304,X
16600003,0.143,0.5418,0.2639,X
16700003,0.22515,0.46035,0.5312,X
16800003,0.0639,0.5908,0.1082,X
16900003,0.0367,0.5038,0.0848,X
17000003,0.0387,0.3912,0.10435,X
17100003,0.0435,0.4639,0.0837,X
17200003,0.03245,0.3661,0.0902,X
17300003,0.1821,0.7532,0.2418,X
17400003,0.02825,0.39855,0.10765,X
17600003,0.03135,0.41235,0.0874,X
17700003,0.0692,0.47155,0.14775,X
17800003,0.0699,0.52595,0.1061,X
17900003,0.0337,0.3263,0.1033,X
18000003,0.02525,0.6349,0.0276,X
18200003,0.04655,0.48045,0.09365,X
18300003,0.3675,0.8407,0.4372,X
18400003,0.0265,0.447,0.0774,X
18500003,0.1104,0.3846,0.2864,X
18600003,0.0063,0.3596,0.0193,X
18800003,0.04135,0.38955,0.10075,X
18900003,0.0874,0.3266,0.27555,X
19000003,0.05285,0.5085,0.09775,X
19100003,0.0029,0.3987,0.0073,X
19200003,0.0731,0.5593,0.1678,X
19300003,0.04825,0.4552,0.10975,X
19400003,0.0747,0.54255,0.1451,X
19600003,0.1387,0.9121,0.152,X
19700003,0.013,0.3966,0.0328,X
19800003,0.02425,0.38385,0.0598,X
19900003,0.01765,0.3604,0.0387,X
20000003,0.09355,0.45625,0.18905,X
20100003,0.08505,0.44045,0.18845,X
20200003,0.2185,0.4231,0.5165,X
20400003,0.0903,0.52775,0.16955,X
20600003,0.1174,0.7044,0.1667,X
20700003,0.2275,0.6329,0.3595,X
20900003,0.0039,0.3769,0.0105,X
21000003,0.1201,0.4786,0.2452,X
21100003,0.0848,0.42485,0.1921,X
21200003,0.05555,0.39245,0.11065,X
21300003,0.0469,0.466,0.0946,X
21400003,0.0943,0.4162,0.2267,X
21500003,0.3194,0.7724,0.4135,X
21700003,0.05425,0.33675,0.129,X
21800003,0.0817,0.4495,0.17355,X
21900003,0.0255,0.3026,0.0842,X
22000003,0.0134,0.30445,0.0445,X
22100003,0.0594,0.5212,0.1139,X
22200003,0.02915,0.5096,0.06845,X
22300003,0.21395,0.6309,0.30165,X
22400003,0.0643,0.5432,0.1699,X
22500003,0.0461,0.34585,0.11895,X
22600003,0.1625,0.28495,0.80465,X
22900003,0.103,0.5681,0.1752,X
23100003,0.03555,0.42545,0.07115,X
23200003,0.0331,0.3296,0.0799,X
23300003,0.04955,0.4208,0.1221,X
23400003,0.009,0.296,0.0396,X
23500003,0.051,0.37405,0.1331,X
23900003,0.0421,0.3932,0.1071,X
24000003,0.033,0.4376,0.0906,X
24200003,0.0214,0.3801,0.0692,X
24400003,0.0481,0.5965,0.0806,X
24500003,1e-04,0.0891,0.001,X
24600003,0.0872,0.4988,0.1748,X
24700003,0.046,0.4563,0.09605,X
24800003,0.0306,0.4491,0.067,X
24900003,0.0445,0.4303,0.1009,X
25000003,0.0356,0.5016,0.0801,X
25100003,0.0274,0.5465,0.0502,X
25200003,0.0144,0.4334,0.0282,X
25400003,0.0348,0.5284,0.0659,X
25500003,0.0434,0.4885,0.0933,X
25600003,0.03845,0.45255,0.06955,X
25900003,0.0274,0.4253,0.065,X
26000003,0.0552,0.5513,0.1001,X
26100003,0.0283,0.44785,0.0703,X
26200003,0.0623,0.4746,0.0961,X
26300003,0.02915,0.35635,0.0739,X
26400003,0.0237,0.35145,0.07275,X
26500003,0.0335,0.4756,0.0843,X
26600003,0.0182,0.4372,0.0416,X
26700003,0.0237,0.3825,0.0751,X
26800003,1e-04,0.1439,0.001,X
26900003,0.0217,0.4578,0.04645,X
27100003,0.0683,0.42875,0.1468,X
27200003,0.0305,0.3641,0.0836,X
27300003,0.02615,0.4404,0.058,X
27400003,0.0689,0.4621,0.1253,X
27500003,0.0234,0.3371,0.0693,X
27600003,0.0689,0.4947,0.1015,X
27700003,0.1602,0.3872,0.2925,X
27900003,3e-04,0.3215,0.001,X
28100003,0.0353,0.4055,0.08725,X
28200003,0.0309,0.5373,0.0588,X
28300003,0.1737,0.51225,0.2768,X
28400003,0.0118,0.3672,0.0321,X
28600003,0.08845,0.4456,0.1862,X
28700003,0.011,0.3158,0.03705,X
28800003,0.0502,0.4865,0.1113,X
28900003,0.039,0.4114,0.0938,X
600001,0.0647,0.5015,0.1216,2
700001,0.0365,0.47,0.0809,2
800001,0.0186,0.3569,0.0572,2
1000001,0.03525,0.3133,0.08725,2
1200001,0.0196,0.24765,0.1031,2
1300001,0.04335,0.38305,0.1057,2
1400001,0.0342,0.4174,0.0881,2
1500001,0.0254,0.4202,0.05965,2
1600001,0.0146,0.3758,0.0332,2
1700001,0.0202,0.3117,0.0668,2
1800001,0.03665,0.52315,0.0585,2
2000001,0.06805,0.37185,0.1783,2
2100001,0.0438,0.4644,0.0942,2
2200001,0.0709,0.4048,0.1741,2
2300001,0.0404,0.4587,0.1097,2
2400001,0.0109,0.3421,0.0407,2
2500001,0.02075,0.3747,0.0574,2
2600001,0.0367,0.39715,0.1043,2
2900001,0.2042,0.3605,0.5663,2
3000001,0.0353,0.4346,0.0809,2
3100001,0.0852,0.5013,0.17,2
3200001,0.0229,0.4247,0.0615,2
3300001,0.0876,0.42625,0.18765,2
3400001,0.0331,0.4104,0.0941,2
3500001,0.1242,0.662,0.1876,2
3600001,0.0387,0.2846,0.2225,2
3700001,0.0204,0.2784,0.1057,2
3800001,0.041,0.3855,0.1065,2
3900001,0.0449,0.4219,0.1077,2
4000001,0.0119,0.3015,0.0395,2
4100001,0.0342,0.15055,0.42545,2
4200001,0.024,0.43595,0.05835,2
4300001,0.0708,0.3673,0.1711,2
4400001,0.0394,0.40765,0.08125,2
4500001,0.01265,0.38475,0.04005,2
4600001,0.1526,0.54725,0.2775,2
4700001,0.0299,0.3322,0.0797,2
4800001,0.0405,0.29185,0.13925,2
4900001,0.01475,0.19385,0.1365,2
5000001,0.0334,0.352,0.0903,2
5100001,0.0339,0.3616,0.08785,2
5200001,0.0337,0.39105,0.0885,2
5300001,0.0201,0.3676,0.07465,2
5500001,0.0501,0.3865,0.1002,2
5600001,0.0265,0.4311,0.0576,2
5700001,0.0526,0.4854,0.13025,2
5800001,0.02285,0.3482,0.0681,2
5900001,0.03085,0.3428,0.09275,2
6000001,0.0266,0.2628,0.0883,2
6100001,0.04015,0.38895,0.134,2
6200001,0.0396,0.3666,0.1175,2
6300001,0.038,0.4504,0.0888,2
6400001,0.04615,0.31245,0.10565,2
6500001,0.0276,0.2796,0.0871,2
6600001,0.03365,0.3067,0.1368,2
6700001,0.0458,0.44565,0.10595,2
6800001,0.0508,0.4022,0.1262,2
6900001,0.0306,0.4131,0.1397,2
7000001,0.0182,0.3245,0.0596,2
7100001,0.0366,0.3682,0.08125,2
7200001,0.0546,0.3988,0.0886,2
7300001,0.0093,0.2041,0.0455,2
7400001,0.0388,0.237,0.1635,2
7500001,0.042,0.3608,0.0896,2
7600001,0.0232,0.3522,0.0701,2
7700001,0.0591,0.34095,0.1654,2
7800001,0.0337,0.3919,0.0859,2
7900001,0.0522,0.3794,0.1228,2
8000001,0.0394,0.3316,0.1717,2
8100001,0.0373,0.3785,0.083,2
8200001,0.036,0.36385,0.08575,2
8300001,0.0291,0.38675,0.08805,2
8400001,0.2172,0.5313,0.4087,2
8500001,0.0249,0.2976,0.0835,2
8600001,0.0412,0.4019,0.0967,2
8700001,0.0261,0.4188,0.0623,2
8800001,0.02985,0.34945,0.1015,2
9000001,0.0773,0.4625,0.1571,2
9100001,0.0363,0.377,0.0983,2
9200001,0.0254,0.4269,0.06215,2
9300001,0.0577,0.4549,0.1267,2
9400001,0.0507,0.3693,0.1411,2
9500001,0.0369,0.3338,0.0739,2
9600001,0.0787,0.4727,0.2521,2
9700001,0.02005,0.41705,0.05315,2
9800001,0.0559,0.4881,0.1099,2
9900001,0.02755,0.3714,0.068,2
10000001,0.03095,0.3824,0.0805,2
10100001,0.0381,0.3903,0.08835,2
10200001,0.0331,0.4162,0.0796,2
10300001,0.0159,0.28105,0.05445,2
10400001,0.02925,0.43665,0.0847,2
10500001,0.2696,0.6637,0.4062,2
10600001,0.0635,0.47895,0.1455,2
10700001,0.084,0.701,0.1198,2
10800001,0.00865,0.39205,0.03375,2
10900001,0.0443,0.3739,0.1184,2
11000001,0.0437,0.3855,0.1291,2
11100001,0.03245,0.403,0.0794,2
11200001,0.0603,0.3618,0.1667,2
11300001,0.01,0.1412,0.0711,2
11400001,0.0241,0.2681,0.0899,2
11500001,0.0293,0.34405,0.07075,2
11600001,0.04145,0.4755,0.0969,2
11700001,0.0361,0.4407,0.0802,2
11800001,0.0323,0.4123,0.08215,2
11900001,0.0105,0.0817,0.1279,2
12000001,0.0745,0.4187,0.178,2
12100001,0.03095,0.37805,0.1032,2
12200001,0.0283,0.3698,0.0773,2
12300001,0.042,0.3681,0.0917,2
12400001,0.1394,0.4789,0.2912,2
12600001,0.0587,0.48305,0.1221,2
12700001,0.0496,0.445,0.1228,2
12800001,0.1015,0.44935,0.21115,2
12900001,0.031,0.3885,0.0797,2
13000001,0.1284,0.5983,0.18215,2
13100001,0.0268,0.4088,0.0848,2
13200001,0.0178,0.412,0.0433,2
13300001,0.0329,0.3873,0.1147,2
13400001,0.01755,0.33315,0.0482,2
13500001,0.016,0.294,0.0545,2
13600001,0.0551,0.4271,0.1102,2
13700001,0.05155,0.528,0.137,2
13800001,0.0991,0.6949,0.1426,2
13900001,0.03525,0.445,0.0769,2
14000001,0.0311,0.4079,0.0829,2
14100001,0.0246,0.4046,0.0648,2
14200001,0.0178,0.36045,0.05935,2
14300001,0.0322,0.38785,0.0888,2
14400001,0.0374,0.4005,0.0962,2
14500001,0.0038,0.2726,0.0141,2
14700001,0.0558,0.4096,0.1513,2
14800001,0.04975,0.4845,0.11775,2
14900001,0.0474,0.3191,0.1485,2
15100001,0.0195,0.3754,0.0669,2
15200001,0.0217,0.4141,0.0523,2
15300001,0.01195,0.42895,0.0258,2
15400001,0.051,0.3476,0.1243,2
15500001,0.0364,0.44725,0.0813,2
15600001,0.026,0.2993,0.0816,2
15700001,0.0207,0.3096,0.0658,2
15800001,0.03705,0.4095,0.0885,2
15900001,0.026,0.3846,0.05,2
16000001,0.02945,0.3555,0.0882,2
16100001,0.0928,0.4565,0.17735,2
16200001,0.0325,0.2555,0.1271,2
16400001,0.0255,0.4043,0.0876,2
16500001,0.0184,0.4093,0.0611,2
16600001,0.0331,0.3974,0.0898,2
16700001,0.0439,0.3847,0.0789,2
16800001,0.1104,0.2038,0.5417,2
16900001,0.0357,0.43575,0.07305,2
17000001,0.03055,0.37465,0.08415,2
17100001,0.0295,0.45175,0.0645,2
17200001,0.1073,0.4845,0.1973,2
17300001,0.0305,0.5534,0.0552,2
17400001,0.0884,0.4901,0.1308,2
17700001,0.0441,0.3478,0.0938,2
17800001,0.0277,0.4014,0.068,2
17900001,0.0356,0.3814,0.0922,2
18000001,0.015,0.3676,0.0369,2
18100001,0.0102,0.3444,0.0347,2
18200001,0.0511,0.5527,0.0925,2
18400001,0.0526,0.2437,0.216,2
18500001,0.076,0.4365,0.1763,2
18600001,0.0302,0.3817,0.0871,2
18700001,0.0357,0.3101,0.0861,2
18800001,0.0238,0.2382,0.0998,2
19100001,0.15465,0.49375,0.3695,2
19200001,0.1156,0.6204,0.1864,2
19300001,0.0437,0.5533,0.0848,2
19400001,0.0189,0.3913,0.0484,2
19500001,0.0225,0.3585,0.0578,2
19600001,0.02385,0.41115,0.0615,2
19700001,0.034,0.4573,0.0584,2
19800001,0.03385,0.3982,0.08635,2
19900001,0.04,0.44665,0.0882,2
20000001,0.0357,0.42,0.09845,2
20100001,0.0494,0.3563,0.1195,2
20200001,0.0547,0.4509,0.1579,2
20300001,0.03,0.3608,0.0853,2
20400001,0.0337,0.419,0.1095,2
20500001,0.08245,0.54975,0.1501,2
20600001,0.0341,0.3898,0.0932,2
20700001,0.0639,0.3519,0.1815,2
20800001,0.0392,0.39195,0.07945,2
20900001,0.0453,0.4598,0.1338,2
21000001,0.0293,0.4359,0.0822,2
21100001,0.02415,0.36035,0.0669,2
21200001,0.1617,0.36955,0.41695,2
21400001,0.0753,0.5485,0.3571,2
21500001,0.0292,0.46645,0.07655,2
21600001,0.06185,0.4836,0.11735,2
21700001,0.0634,0.4377,0.1489,2
21800001,0.0226,0.3793,0.0569,2
21900001,0.04285,0.3613,0.0937,2
22000001,0.0241,0.3243,0.0852,2
22100001,0.0302,0.3655,0.0781,2
22200001,0.0289,0.4098,0.0823,2
22300001,0.0386,0.4077,0.082,2
22400001,0.03655,0.34265,0.1054,2
22500001,0.1106,0.5377,0.2482,2
22600001,0.02695,0.485,0.0571,2
22700001,0.05455,0.56245,0.13745,2
22800001,0.0393,0.3435,0.1227,2
22900001,0.0856,0.4068,0.1906,2
23000001,0.0611,0.4342,0.1181,2
23100001,0.0346,0.4344,0.0797,2
23200001,0.05405,0.4809,0.11335,2
23300001,0.07125,0.45895,0.1642,2
23400001,0.02515,0.49,0.05135,2
23500001,0.0245,0.3643,0.0768,2
23600001,0.01645,0.4119,0.0401,2
23700001,0.0191,0.2942,0.0839,2
23800001,0.0206,0.2745,0.07,2
23900001,0.058,0.36465,0.13995,2
24000001,0.0414,0.36455,0.12075,2
24100001,0.03425,0.1816,0.18855,2
24200001,0.05655,0.3934,0.12255,2
24300001,0.049,0.4123,0.2059,2
24400001,0.02055,0.39595,0.06465,2
24500001,0.03845,0.44355,0.09955,2
24600001,0.0291,0.402,0.0673,2
24700001,0.0369,0.3965,0.1009,2
24800001,0.0224,0.3203,0.0812,2
24900001,0.03435,0.3611,0.094,2
25000001,0.04335,0.3876,0.119,2
25100001,0.06645,0.3716,0.15215,2
25200001,0.0381,0.3164,0.1203,2
25300001,0.0351,0.4031,0.0917,2
25400001,0.0402,0.3526,0.1216,2
25500001,0.04705,0.40635,0.08585,2
25600001,0.0303,0.3924,0.08,2
25700001,0.05625,0.3519,0.15,2
25800001,0.0085,0.3902,0.0217,2
25900001,0.013,0.30735,0.04045,2
26000001,0.0183,0.4242,0.0543,2
26100001,0.032,0.3948,0.0827,2
26200001,0.07845,0.4361,0.2032,2
26300001,0.01995,0.40515,0.0519,2
26400001,0.1357,0.5257,0.1759,2
26500001,0.0304,0.45505,0.06485,2
26600001,0.0361,0.3145,0.1148,2
26700001,0.06,0.443,0.1557,2
26800001,0.02275,0.37525,0.07915,2
26900001,0.0482,0.35565,0.137,2
27000001,0.11135,0.4872,0.267,2
27100001,0.0206,0.4158,0.0543,2
27200001,0.0759,0.4438,0.15695,2
27300001,0.0287,0.387,0.0773,2
27400001,0.0359,0.5207,0.0723,2
27500001,0.0265,0.4247,0.0651,2
27600001,0.04025,0.40975,0.08,2
27700001,0.0215,0.4183,0.0481,2
27800001,0.0203,0.4546,0.0536,2
27900001,0.0223,0.3231,0.08255,2
28000001,0.0277,0.3139,0.0625,2
28100001,0.0466,0.4369,0.10155,2
28200001,0.0495,0.373,0.1243,2
28300001,0.0278,0.2396,0.1159,2
28400001,0.05955,0.5144,0.10545,2
28500001,0.0437,0.4965,0.0881,2
28600001,0.1114,0.4964,0.1794,2
28700001,0.1309,0.531,0.2455,2
28800001,0.0361,0.52055,0.0633,2
28900001,0.0593,0.5162,0.1056,2
29000001,0.0223,0.4444,0.0631,2
29100001,0.0421,0.29445,0.1483,2
29200001,0.0655,0.4153,0.187,2
29300001,0.049,0.3927,0.1057,2
29400001,0.0374,0.3788,0.0816,2
29500001,0.0114,0.3284,0.0349,2
29600001,0.1093,0.1544,0.7083,2
29700001,0.03745,0.4143,0.0662,2
29900001,0.037,0.4384,0.0799,2
30000001,0.0122,0.507,0.0281,2
30100001,0.0485,0.43025,0.1054,2
30200001,0.0209,0.3637,0.0574,2
30300001,0.0288,0.4499,0.0646,2
30400001,0.0327,0.3917,0.0663,2
30500001,0.0245,0.4627,0.053,2
30600001,0.0304,0.3576,0.06795,2
30700001,0.0332,0.4098,0.0853,2
30800001,0.034,0.4178,0.0814,2
30900001,0.05355,0.4487,0.1152,2
31000001,0.0353,0.4532,0.0947,2
31100001,0.047,0.45875,0.0948,2
31200001,0.0576,0.4014,0.1717,2
31300001,0.042,0.44035,0.0987,2
31400001,0.0337,0.473,0.0721,2
31500001,0.0432,0.4803,0.0893,2
31600001,0.1064,0.5926,0.17855,2
31700001,0.1429,0.0226,6.3091,2
31800001,0.0494,0.4924,0.1089,2
31900001,0.0347,0.48005,0.05875,2
32000001,0.0625,0.4077,0.1534,2
32100001,0.0295,0.5147,0.0579,2
32300001,0.01935,0.6658,0.0375,2
32400001,0.0158,0.4048,0.0505,2
32500001,0.0378,0.4974,0.0639,2
32600001,0.0489,0.49855,0.0997,2
32700001,0.0309,0.4876,0.0989,2
32800001,0.0248,0.4685,0.05685,2
32900001,0.1311,0.5811,0.2256,2
33000001,0.024,0.32795,0.0667,2
33100001,0.0389,0.4839,0.0655,2
33200001,0.0566,0.4299,0.1321,2
33300001,0.0489,0.4751,0.09465,2
33400001,0.0665,0.5173,0.12655,2
33500001,0.0498,0.2856,0.1743,2
33600001,0.1693,0.50655,0.3425,2
33700001,0.0699,0.4427,0.1578,2
33800001,0.0177,0.5026,0.0375,2
33900001,0.141,0.6774,0.2081,2
34000001,0.034,0.3112,0.1091,2
100001,0.09435,0.46475,0.20285,3
200001,0.03085,0.39645,0.0726,3
300001,0.0155,0.4022,0.0386,3
400001,0.0121,0.454,0.0303,3
500001,0.0543,0.4434,0.09525,3
600001,0.0311,0.3746,0.0848,3
700001,0.06355,0.47215,0.1175,3
800001,0.03325,0.4606,0.07275,3
900001,0.0336,0.3032,0.115,3
1000001,0.0261,0.3585,0.0734,3
1100001,0.0377,0.40055,0.09155,3
1200001,0.0222,0.43815,0.0708,3
1300001,0.03935,0.2799,0.09605,3
1400001,0.0485,0.4132,0.1091,3
1500001,0.0321,0.45365,0.12175,3
1600001,0.02715,0.3942,0.0728,3
1800001,0.0187,0.3727,0.0615,3
2000001,0.0051,0.1592,0.032,3
2100001,0.0416,0.3976,0.1047,3
2200001,0.09085,0.40975,0.21055,3
2300001,0.0116,0.3332,0.04175,3
2400001,0.0287,0.4132,0.0693,3
2500001,0.01995,0.28375,0.0701,3
2600001,0.0104,0.3099,0.0335,3
2700001,0.0244,0.36715,0.0645,3
2800001,0.0357,0.33675,0.0814,3
2900001,0.0245,0.387,0.0687,3
3000001,0.0063,0.2787,0.0198,3
3100001,0.0966,0.3881,0.2264,3
3300001,0.0333,0.3904,0.1204,3
3400001,0.0205,0.2875,0.0713,3
3500001,8e-04,0.7753,0.001,3
3700001,0.044,0.36925,0.1508,3
3800001,0.0352,0.3855,0.0981,3
3900001,0.0405,0.42085,0.10305,3
4100001,0.0707,0.7054,0.1002,3
4200001,0.03255,0.43605,0.0963,3
4300001,0.0316,0.3821,0.0892,3
4400001,0.0871,0.5023,0.1734,3
4500001,0.04695,0.4076,0.11815,3
4600001,0.0935,0.518,0.1611,3
4700001,0.0521,0.4657,0.1066,3
4800001,0.10835,0.55805,0.17595,3
5000001,0.0574,0.3686,0.1712,3
5200001,0.133,0.8122,0.1638,3
5300001,0.0277,0.37765,0.0836,3
5400001,0.04325,0.3583,0.12085,3
5500001,0.0452,0.3941,0.1437,3
5600001,0.0338,0.4526,0.08095,3
5700001,0.0205,0.4328,0.0459,3
5800001,0.02265,0.33445,0.0769,3
5900001,0.0646,0.42995,0.1585,3
6000001,0.0275,0.2704,0.0945,3
6100001,0.0246,0.3869,0.103,3
6200001,0.05375,0.47555,0.1084,3
6300001,0.04395,0.40255,0.1179,3
6400001,0.0233,0.3387,0.0631,3
6500001,0.0343,0.481,0.0714,3
6600001,0.0115,0.2779,0.0412,3
6700001,0.0121,0.42435,0.0333,3
6800001,0.04245,0.41985,0.07435,3
6900001,0.03415,0.47055,0.06475,3
7000001,0.02195,0.42455,0.0518,3
7100001,0.0413,0.35825,0.12565,3
7200001,0.03765,0.24775,0.16085,3
7300001,0.05915,0.44855,0.11745,3
7400001,0.0445,0.3333,0.1496,3
7500001,0.03315,0.4373,0.06785,3
7600001,0.0273,0.4171,0.0629,3
7700001,0.042,0.4154,0.0994,3
7800001,0.03565,0.3553,0.08955,3
7900001,0.106,0.4398,0.2409,3
8000001,0.1114,0.357,0.312,3
8100001,0.0839,0.4222,0.22105,3
8200001,0.0203,0.421,0.0481,3
8300001,0.0747,0.40185,0.16935,3
8400001,0.0217,0.2722,0.0611,3
8500001,0.0232,0.4132,0.0411,3
8600001,0.0147,0.258,0.0569,3
8800001,0.04615,0.5317,0.08555,3
8900001,0.0331,0.4028,0.0883,3
9000001,0.0387,0.43125,0.0907,3
9100001,0.03,0.6413,0.0468,3
9200001,0.15815,0.51565,0.28605,3
9300001,0.0075,0.2991,0.0252,3
9400001,0.0876,0.47215,0.1445,3
9500001,0.0916,0.4337,0.2113,3
9700001,0.0219,0.4397,0.0476,3
10000001,0.0279,0.4992,0.0559,3
10100001,0.0604,0.292,0.207,3
10200001,0.0338,0.3733,0.0721,3
10300001,0.0457,0.41215,0.1007,3
10400001,0.0165,0.32415,0.05305,3
10500001,0.0431,0.4399,0.0901,3
10600001,0.0265,0.4774,0.0728,3
10700001,0.178,0.5469,0.3079,3
10800001,0.0633,0.492,0.1286,3
10900001,0.0527,0.32625,0.1444,3
11000001,0.014,0.3762,0.0274,3
11100001,0.0329,0.3266,0.0802,3
11300001,0.1039,0.5785,0.18165,3
11400001,0.0789,0.2964,0.32775,3
11500001,0.03185,0.30155,0.1046,3
11600001,0.0337,0.4248,0.0856,3
11700001,0.0627,0.4261,0.1384,3
11800001,0.0404,0.2021,0.1998,3
11900001,0.1373,0.3022,0.4544,3
12000001,0.0152,0.5035,0.0302,3
12100001,0.0464,0.462,0.0973,3
12400001,0.0439,0.4476,0.0997,3
12500001,0.0371,0.4113,0.1008,3
12600001,0.0371,0.4363,0.1127,3
12700001,0.0467,0.3938,0.12435,3
12800001,0.03735,0.43215,0.0811,3
12900001,0.067,0.5033,0.128,3
13000001,0.0473,0.4128,0.1145,3
13100001,0.0985,0.4819,0.194,3
13200001,0.0879,0.4888,0.2628,3
13300001,0.0238,0.259,0.0919,3
13400001,0.1802,0.72955,0.2148,3
13500001,0.046,0.36755,0.14975,3
13600001,0.02755,0.3964,0.07605,3
13700001,0.02305,0.31195,0.0858,3
13800001,0.0741,0.5191,0.1608,3
13900001,0.0684,0.4933,0.1401,3
14000001,0.086,0.5363,0.1656,3
14100001,0.0528,0.308,0.1009,3
14200001,0.0408,0.3393,0.0978,3
14300001,0.2914,0.788,0.3698,3
14400001,0.0165,0.4559,0.0368,3
14500001,0.0348,0.3892,0.0979,3
14600001,0.0379,0.4455,0.102,3
14700001,0.0229,0.3585,0.0607,3
14800001,0.044,0.4698,0.1029,3
14900001,0.0339,0.4183,0.0811,3
15000001,0.0575,0.3442,0.1672,3
15100001,0.05655,0.4213,0.1129,3
15200001,0.0471,0.3974,0.12605,3
15300001,0.0275,0.3428,0.0806,3
15400001,0.0272,0.4926,0.1009,3
15500001,0.06755,0.4709,0.14195,3
15600001,0.03055,0.35635,0.07455,3
15700001,0.0216,0.4785,0.0451,3
15800001,0.1362,0.3549,0.3838,3
15900001,0.06065,0.34435,0.1627,3
16000001,0.0451,0.3947,0.09345,3
16100001,0.0207,0.327,0.0597,3
16200001,0.06575,0.42485,0.14975,3
16300001,0.0453,0.4588,0.0986,3
16400001,0.03155,0.22885,0.22705,3
16600001,0.1297,0.5458,0.2546,3
16700001,0.089,0.5293,0.1801,3
16800001,0.133,0.4668,0.2848,3
16900001,0.0485,0.3839,0.1238,3
17000001,0.1461,0.5046,0.2094,3
17100001,0.1091,0.4534,0.23865,3
17200001,0.1607,0.4867,0.3754,3
17300001,0.06695,0.5257,0.14875,3
17400001,0.0327,0.3926,0.07595,3
17500001,0.0265,0.4361,0.0729,3
17600001,0.03655,0.38725,0.0855,3
17700001,0.0433,0.38795,0.0932,3
17800001,0.0513,0.385,0.1235,3
17900001,0.0601,0.30025,0.26545,3
18000001,0.0566,0.50445,0.11365,3
18100001,0.039,0.30445,0.1391,3
18200001,0.0247,0.4494,0.06855,3
18300001,0.0249,0.34765,0.0582,3
18400001,0.0225,0.3591,0.0626,3
18500001,0.00735,0.22865,0.034,3
18600001,0.03185,0.43165,0.0883,3
18700001,0.03605,0.42295,0.07655,3
18800001,0.0168,0.2653,0.0851,3
18900001,0.0334,0.3771,0.0674,3
19000001,0.1246,0.7053,0.1721,3
19100001,0.0765,0.3863,0.2403,3
19200001,0.04935,0.34295,0.1287,3
19300001,0.2864,0.4969,0.5763,3
19400001,0.034,0.2998,0.0857,3
19500001,0.0246,0.4066,0.0965,3
19600001,0.0757,0.5997,0.1263,3
19700001,0.17745,0.3796,0.3832,3
19800001,0.0258,0.4016,0.0643,3
19900001,0.1865,0.5533,0.2744,3
20000001,0.1048,0.55625,0.17925,3
20100001,0.0242,0.4394,0.05775,3
20200001,0.053,0.5653,0.0938,3
20300001,0.0241,0.3761,0.0639,3
20500001,0.0503,0.4546,0.1107,3
20600001,0.1195,0.52685,0.20845,3
20700001,0.097,0.2425,0.2407,3
20800001,0.0271,0.429,0.0593,3
20900001,0.1033,0.49055,0.19455,3
21000001,0.05245,0.38045,0.1407,3
21100001,0.024,0.393,0.0548,3
21200001,0.0121,0.3825,0.029,3
21300001,0.0292,0.43035,0.08375,3
21400001,0.01755,0.3873,0.04965,3
21500001,0.104,0.6265,0.166,3
22100001,0.03435,0.30985,0.1179,3
22200001,0.0388,0.3299,0.1287,3
22400001,0.1596,0.7452,0.2141,3
22500001,0.0784,0.41585,0.18685,3
22600001,0.028,0.36555,0.0661,3
22700001,0.024,0.40835,0.0506,3
22800001,0.01355,0.39985,0.0339,3
22900001,0.0242,0.2887,0.0838,3
23000001,0.0336,0.3725,0.0961,3
23100001,0.05215,0.2952,0.12695,3
23200001,0.07535,0.44295,0.16005,3
23300001,0.0168,0.2289,0.0733,3
23400001,0.0364,0.4252,0.08595,3
23500001,0.04325,0.42965,0.0986,3
23600001,0.0222,0.2645,0.084,3
23700001,0.02505,0.4121,0.0657,3
23800001,0.0282,0.4485,0.0623,3
23900001,0.01065,0.2949,0.04115,3
24000001,0.01895,0.3625,0.05255,3
24100001,0.0438,0.394,0.1011,3
24200001,0.06965,0.37495,0.18555,3
24300001,0.02245,0.30125,0.0679,3
24400001,0.0175,0.28975,0.05475,3
24500001,0.02465,0.36105,0.06645,3
24600001,0.0652,0.5561,0.1171,3
24700001,0.0406,0.417,0.0994,3
24800001,0.0313,0.377,0.0829,3
24900001,0.0414,0.5423,0.0707,3
25000001,0.064,0.5474,0.0975,3
25100001,0.12115,0.52855,0.25695,3
25300001,0.12435,0.63085,0.17585,3
25400001,0.27665,0.6145,0.35715,3
25500001,0.0733,0.6036,0.1116,3
25600001,0.0209,0.2872,0.0694,3
25700001,0.0489,0.358,0.1385,3
25800001,0.0591,0.5856,0.08995,3
25900001,0.015,0.3764,0.0399,3
26000001,0.022,0.357,0.0873,3
26200001,0.0503,0.36495,0.14155,3
26300001,0.024,0.3478,0.07065,3
26400001,0.0264,0.30655,0.07235,3
26500001,0.04695,0.35525,0.14645,3
26600001,0.0528,0.4412,0.11275,3
26700001,0.00655,0.2961,0.02415,3
26800001,0.0284,0.2757,0.1029,3
26900001,0.05585,0.6793,0.08225,3
27100001,0.0136,0.408,0.0358,3
27200001,0.0296,0.4756,0.0622,3
27300001,0.0482,0.61635,0.0791,3
27400001,0.0292,0.439,0.0666,3
27500001,0.1236,0.3797,0.3391,3
27600001,0.0256,0.4328,0.0796,3
27700001,0.0047,0.3853,0.0192,3
27800001,0.0235,0.4608,0.067,3
27900001,0.0493,0.52915,0.08875,3
28000001,0.075,0.43725,0.1714,3
28200001,0.01655,0.50335,0.0333,3
28300001,0.0441,0.4778,0.09075,3
28400001,0.0353,0.5158,0.0664,3
28600001,0.1124,0.4742,0.237,3
28700001,0.0513,0.4441,0.1029,3
28800001,0.0492,0.5055,0.1057,3
28900001,0.1167,0.46465,0.24795,3
29000001,0.0743,0.51855,0.1383,3
29100001,0.0519,0.4533,0.1448,3
29200001,0.02585,0.4193,0.0641,3
29300001,0.042,0.4528,0.0988,3
29400001,0.0258,0.4199,0.0649,3
29500001,0.0267,0.433,0.0547,3
29600001,0.2391,0.6338,0.3772,3
29800001,0.08255,0.41455,0.19375,3
29900001,0.02445,0.51635,0.05505,3
30000001,0.1609,0.5763,0.2792,3
30100001,0.017,0.39445,0.0409,3
30200001,0.1329,0.6121,0.2171,3
30400001,0.0576,0.50485,0.11425,3
30600001,0.0355,0.3788,0.0937,3
31400001,0.04,0.5992,0.059,3
31600001,0.0324,0.5803,0.0559,3
31800001,0.0348,0.5463,0.0636,3
100001,0.0305,0.4469,0.0553,4
200001,0.0658,0.3868,0.1548,4
300001,0.03095,0.3607,0.0674,4
400001,0.03,0.4073,0.06075,4
500001,0.0248,0.403,0.06365,4
600001,0.0309,0.45335,0.0762,4
700001,0.0716,0.6211,0.1154,4
800001,0.0183,0.3969,0.04275,4
900001,0.02175,0.32275,0.0647,4
1000001,0.0584,0.7068,0.0826,4
1100001,0.0642,0.4339,0.1307,4
1200001,0.0359,0.3711,0.1046,4
1300001,0.0359,0.3047,0.0857,4
1400001,0.02645,0.43655,0.06065,4
1500001,0.0383,0.41365,0.08205,4
1600001,0.0285,0.37815,0.0849,4
1700001,0.0141,0.30805,0.04675,4
1800001,0.02825,0.3344,0.07725,4
1900001,0.0285,0.4532,0.0628,4
2000001,0.0412,0.2508,0.1083,4
2100001,0.0263,0.3102,0.0655,4
2200001,0.0405,0.41325,0.1044,4
2300001,0.04925,0.322,0.14855,4
2400001,0.035,0.4244,0.0653,4
2500001,0.032,0.3308,0.1254,4
2500002,0.0328,0.2901,0.1428,4
2600002,0.0409,0.4514,0.102,4
2700002,0.01385,0.30085,0.0456,4
2800002,0.0082,0.157,0.0519,4
2900002,0.07765,0.47955,0.12375,4
3000002,0.0424,0.40965,0.103,4
3100002,0.0191,0.3757,0.0557,4
3400002,0.0273,0.37885,0.09395,4
3500002,0.03745,0.35005,0.09075,4
3600002,0.0507,0.2774,0.2051,4
3700002,0.03315,0.3241,0.1054,4
3800002,0.0154,0.3248,0.04975,4
3900002,0.0468,0.4313,0.1402,4
4000002,0.01655,0.3834,0.0475,4
4100002,0.02705,0.39505,0.05945,4
4200002,0.0223,0.3292,0.0677,4
4300002,0.1928,0.4909,0.3928,4
4400002,0.0365,0.3083,0.09775,4
4500002,0.0341,0.384,0.0823,4
4600002,0.01795,0.3912,0.0495,4
4700002,0.09695,0.55135,0.17475,4
4800002,0.04255,0.38505,0.1138,4
4900002,0.0359,0.3249,0.0927,4
5000002,0.0164,0.3693,0.0333,4
5100002,0.0547,0.41715,0.1293,4
5200002,0.0781,0.4813,0.1736,4
5300002,0.2312,0.7649,0.3023,4
5400002,0.0536,0.5308,0.0999,4
5500002,0.0964,0.4564,0.21155,4
5600002,0.0181,0.32045,0.05925,4
5700002,0.0069,0.3642,0.0198,4
5900002,0.0388,0.3879,0.1194,4
6000002,0.0366,0.2836,0.1124,4
6100002,0.031,0.3317,0.0613,4
6200002,0.0507,0.3833,0.1253,4
6300002,0.0542,0.34725,0.20975,4
6400002,0.0299,0.401,0.0764,4
6500002,0.01415,0.3681,0.0357,4
6600002,0.02955,0.38965,0.0751,4
6700002,0.0218,0.3156,0.06985,4
6800002,0.0736,0.3986,0.1686,4
6900002,0.0182,0.29125,0.0685,4
7000002,0.0151,0.3333,0.056,4
7100002,0.0148,0.2965,0.065,4
7200002,0.0552,0.3455,0.1173,4
7300002,0.04825,0.34995,0.14845,4
7400002,0.03495,0.3231,0.125,4
7500002,0.0545,0.4697,0.10935,4
7600002,0.0205,0.3068,0.0669,4
7700002,0.05655,0.3389,0.15775,4
7800002,0.0242,0.2792,0.06575,4
8000002,0.0403,0.4379,0.0982,4
8100002,0.0178,0.3665,0.04415,4
8200002,0.0565,0.3849,0.1317,4
8300002,0.01065,0.26685,0.05445,4
8400002,0.0271,0.49,0.0765,4
8500002,0.0338,0.29,0.1391,4
8600002,0.03975,0.38535,0.1043,4
8700002,0.0452,0.4851,0.0931,4
8800002,0.0327,0.4045,0.0594,4
8900002,0.0335,0.5118,0.0746,4
9000002,0.0355,0.4638,0.07,4
9100002,0.0547,0.32715,0.17885,4
9200002,0.0246,0.3763,0.0727,4
9300002,0.0235,0.3136,0.0746,4
9400002,0.0213,0.1705,0.1246,4
9500002,0.0237,0.4311,0.0621,4
9600002,0.02435,0.38855,0.06025,4
9700002,0.03015,0.43385,0.0669,4
9800002,0.0884,0.5818,0.1519,4
10100002,0.01155,0.42885,0.02335,4
10200002,0.0748,0.5618,0.1332,4
10300002,0.0118,0.4747,0.0249,4
10400002,0.0569,0.398,0.1408,4
10500002,0.0335,0.4417,0.0885,4
10600002,0.036,0.4439,0.0709,4
10700002,0.0294,0.3749,0.0806,4
10900002,0.0229,0.3886,0.0667,4
11000002,0.0351,0.3632,0.0941,4
11100002,0.0318,0.3738,0.0849,4
11200002,0.1447,0.6715,0.2632,4
11300002,0.0377,0.3685,0.0943,4
11400002,0.0347,0.4892,0.0749,4
11500002,0.02435,0.37805,0.0707,4
11600002,0.01455,0.33245,0.0472,4
11700002,0.0482,0.43195,0.10475,4
11800002,0.0327,0.2954,0.1142,4
11900002,0.005,0.1267,0.0395,4
12000002,0.0486,0.3568,0.167,4
12100002,0.06545,0.31415,0.18555,4
12200002,0.0346,0.3443,0.094,4
12300002,0.0477,0.372,0.1281,4
12400002,0.0486,0.38065,0.1005,4
12500002,0.37125,0.67995,0.55985,4
12600002,0.1373,0.4757,0.2614,4
12700002,0.0219,0.391,0.0561,4
12800002,0.0214,0.2866,0.0744,4
12900002,0.0251,0.3818,0.0819,4
13000002,0.0263,0.2968,0.0854,4
13100002,0.0341,0.3764,0.0799,4
13200002,0.0722,0.3554,0.2033,4
13300002,0.0666,0.3993,0.1288,4
13400002,0.0297,0.42165,0.0793,4
13500002,0.02405,0.46435,0.06,4
13600002,0.0442,0.40805,0.1295,4
13700002,0.03725,0.4177,0.07105,4
13800002,0.0217,0.31145,0.079,4
13900002,0.02875,0.32165,0.08865,4
14000002,0.0239,0.352,0.0651,4
14100002,0.0349,0.5043,0.0692,4
14200002,0.0151,0.3395,0.0481,4
14300002,0.0321,0.3889,0.083,4
14400002,0.041,0.3973,0.0914,4
14500002,0.0252,0.34745,0.072,4
14600002,0.024,0.3891,0.0856,4
14700002,0.0116,0.3183,0.0575,4
14800002,0.021,0.32275,0.05345,4
14900002,0.0434,0.4149,0.1046,4
15000002,0.03215,0.4064,0.07775,4
15100002,0.0337,0.3559,0.1378,4
15200002,0.0212,0.34975,0.0657,4
15300002,0.13295,0.5963,0.23395,4
15400002,0.03275,0.34725,0.1136,4
15500002,0.2259,0.7085,0.3188,4
15600002,0.23455,0.5327,0.50275,4
15700002,0.1614,0.5921,0.3014,4
15800002,0.05685,0.47095,0.1452,4
15900002,0.01995,0.2071,0.1013,4
16000002,0.05875,0.44125,0.146,4
16100002,0.0175,0.388,0.0602,4
16200002,0.025,0.412,0.0562,4
16300002,0.0341,0.39045,0.08845,4
16400002,0.0277,0.3664,0.0834,4
16500002,0.0305,0.39765,0.0894,4
16600002,0.02085,0.368,0.0651,4
16700002,0.0415,0.4532,0.0835,4
16800002,0.1378,0.8214,0.1677,4
17000002,0.04975,0.4651,0.12315,4
17100002,0.1369,0.6574,0.2083,4
17200002,0.0104,0.1739,0.06,4
17300002,0.0719,0.6918,0.1039,4
17400002,0.0236,0.4301,0.0548,4
17500002,0.0608,0.3929,0.1493,4
17600002,0.03155,0.24325,0.1604,4
17700002,0.0548,0.4183,0.157,4
17800002,0.0417,0.7974,0.0523,4
17900002,0.0729,0.4591,0.1434,4
18100002,0.05865,0.47255,0.12555,4
18200002,0.0812,0.49275,0.16545,4
18300002,0.0355,0.4205,0.0844,4
18400002,0.13425,0.4857,0.27015,4
18500002,0.0206,0.1341,0.1536,4
18600002,0.0352,0.4069,0.0866,4
18700002,0.0782,0.50895,0.14975,4
18800002,0.0768,0.4007,0.2373,4
18900002,0.11455,0.4188,0.2623,4
19000002,0.3056,0.6452,0.4737,4
19200002,0.0432,0.4155,0.1506,4
19300002,0.0522,0.4461,0.1221,4
19400002,0.0508,0.4941,0.1737,4
19500002,0.0349,0.34825,0.11925,4
19600002,0.0286,0.4159,0.0676,4
19700002,0.05985,0.4164,0.1323,4
19800002,0.0371,0.3731,0.14805,4
19900002,0.0183,0.40145,0.0442,4
20000002,0.0145,0.3927,0.0656,4
20100002,0.0231,0.39065,0.05865,4
20200002,0.0232,0.426,0.0578,4
20300002,0.0329,0.3511,0.0757,4
20400002,0.0725,0.3614,0.1337,4
20500002,0.148,0.4438,0.3031,4
20600002,0.0742,0.3749,0.1957,4
20700002,0.05995,0.26815,0.2031,4
20800002,0.0454,0.41755,0.1024,4
20900002,0.0264,0.4153,0.0557,4
21000002,0.0226,0.42855,0.0526,4
21100002,0.03625,0.49105,0.0728,4
21200002,0.02845,0.35165,0.08995,4
21300002,0.06,0.3591,0.1635,4
21400002,0.0351,0.4313,0.0938,4
21500002,0.0252,0.4121,0.07265,4
21600002,0.0816,0.4,0.191,4
21700002,0.02575,0.34995,0.0641,4
21800002,0.04875,0.3956,0.12565,4
22000002,0.1709,0.3418,0.5,4
22100002,0.0434,0.4184,0.0856,4
22200002,0.0484,0.4141,0.1492,4
22300002,0.0308,0.4094,0.0753,4
22400002,0.0669,0.4725,0.1534,4
22500002,0.01905,0.32835,0.0579,4
22600002,0.0195,0.3535,0.0563,4
22700002,0.0361,0.3488,0.1137,4
22800002,0.1423,0.3562,0.3994,4
22900002,0.15795,0.482,0.27945,4
23000002,0.0607,0.4545,0.132,4
23200002,0.027,0.4612,0.0899,4
23300002,0.1066,0.5219,0.2043,4
23400002,0.05245,0.4225,0.11265,4
23500002,0.0306,0.3712,0.0839,4
23600002,0.02015,0.3876,0.0523,4
23700002,0.02625,0.39955,0.06555,4
23800002,0.04125,0.2135,0.25495,4
23900002,0.04555,0.4766,0.09075,4
24000002,0.0222,0.38675,0.0548,4
24100002,0.0298,0.4254,0.0655,4
24200002,0.036,0.4243,0.0848,4
24300002,0.0541,0.3087,0.1752,4
24400002,0.0286,0.4297,0.0667,4
24500002,0.05545,0.50705,0.12375,4
24600002,0.14435,0.56405,0.25215,4
24800002,0.0456,0.5769,0.0791,4
25000002,0.0215,0.4692,0.049,4
25100002,0.04165,0.4541,0.09365,4
25200002,0.04485,0.4914,0.1012,4
25300002,0.0415,0.4966,0.0835,4
25400002,0.0292,0.4483,0.0676,4
25500002,0.06295,0.44755,0.1424,4
25800002,0.0368,0.5769,0.0638,4
25900002,0.0384,0.5018,0.0764,4
26000002,0.0385,0.3658,0.1051,4
26100002,0.0225,0.461,0.1083,4
26200002,0.0625,0.5623,0.1112,4
26300002,0.0592,0.6194,0.1191,4
26600002,0.0284,0.59,0.0481,4
27000002,0.0047,0.5082,0.0093,4
1,0.04975,0.41105,0.12075,5
100001,0.1112,0.6534,0.1703,5
200001,0.0375,0.41065,0.08655,5
300001,0.03645,0.5153,0.06115,5
400001,0.0534,0.3337,0.1601,5
500001,0.0517,0.2737,0.2152,5
600001,0.01905,0.3038,0.06295,5
700001,0.0385,0.4503,0.0778,5
800001,0.0332,0.3747,0.1058,5
900001,0.10795,0.4501,0.2413,5
1000001,0.0253,0.3495,0.1019,5
1100001,0.1209,0.7744,0.1561,5
1200001,0.02465,0.42255,0.07075,5
1300001,0.2295,0.54715,0.41565,5
1400001,0.1907,0.5657,0.3372,5
1500001,0.0204,0.3762,0.0589,5
1600001,0.018,0.4311,0.0612,5
1700001,0.0329,0.3739,0.0945,5
1800001,0.0332,0.3786,0.0867,5
1900001,0.0136,0.232,0.0675,5
2000001,0.023,0.3447,0.05735,5
2100001,0.0548,0.3376,0.15845,5
2200001,0.0582,0.3809,0.1703,5
2300001,0.0425,0.4081,0.1158,5
2400001,0.0175,0.2903,0.0602,5
2500001,0.03875,0.3069,0.11045,5
2600001,0.0482,0.38215,0.1585,5
2700001,0.05035,0.4481,0.1096,5
2800001,0.0653,0.3389,0.1673,5
2900001,0.0278,0.6565,0.0492,5
3100001,0.0503,0.4334,0.1279,5
3200001,0.00725,0.3132,0.02975,5
3300001,0.04635,0.2878,0.20265,5
3400001,0.0292,0.3207,0.1005,5
3500001,0.0301,0.3514,0.1094,5
3700001,0.0598,0.36285,0.153,5
3800001,0.0135,0.3841,0.079,5
3900001,0.0436,0.3327,0.1372,5
4000001,0.0387,0.3418,0.106,5
4100001,0.0201,0.2945,0.0684,5
4200001,0.015,0.2645,0.0408,5
4300001,0.0162,0.22745,0.06995,5
4400001,0.0234,0.3967,0.0769,5
4500001,0.0287,0.3667,0.0784,5
4600001,0.0268,0.3044,0.0879,5
4700001,0.0592,0.44295,0.1326,5
4800001,0.0383,0.3716,0.1037,5
4900001,0.0313,0.3525,0.1298,5
5000001,0.0265,0.3336,0.09685,5
5100001,0.0387,0.448,0.1158,5
5200001,0.0346,0.31055,0.11885,5
5300001,0.02625,0.36455,0.0892,5
5400001,0.0205,0.41475,0.0645,5
5500001,0.0546,0.399,0.1308,5
5600001,0.0353,0.3373,0.1151,5
5700001,0.0511,0.2672,0.2192,5
5900001,0.0322,0.4135,0.1098,5
6000001,0.0279,0.2829,0.1431,5
6200001,0.0274,0.3348,0.0891,5
6300001,0.02155,0.3407,0.07955,5
6400001,0.0631,0.385,0.1628,5
6500001,0.122,0.47585,0.32025,5
6600001,0.05255,0.4146,0.11225,5
6700001,0.06705,0.47395,0.112,5
6800001,0.07055,0.43385,0.11435,5
6900001,0.0297,0.3382,0.119,5
7000001,0.0307,0.2791,0.0817,5
7100001,0.00845,0.4638,0.02125,5
7200001,0.0431,0.37755,0.104,5
7300001,0.0245,0.2409,0.0666,5
7400001,0.02145,0.3287,0.06975,5
7500001,0.07375,0.36895,0.13485,5
7600001,0.0485,0.6174,0.09015,5
7700001,0.0236,0.3762,0.1173,5
7800001,0.01365,0.209,0.10335,5
7900001,0.03775,0.4118,0.08105,5
8000001,0.0254,0.1948,0.1306,5
8100001,0.0085,0.3723,0.0169,5
8200001,0.03195,0.3644,0.07005,5
8300001,0.01445,0.33995,0.04695,5
8400001,0.0622,0.2653,0.2343,5
8500001,0.1084,0.6187,0.1752,5
8600001,0.1146,0.3787,0.2459,5
8700001,0.0502,0.3928,0.1377,5
8800001,0.0411,0.37705,0.0986,5
8900001,0.0277,0.3571,0.0557,5
9000001,0.03125,0.36335,0.08745,5
9100001,0.0315,0.3766,0.0648,5
9200001,0.06755,0.47745,0.124,5
9300001,0.0329,0.3212,0.0776,5
9400001,0.035,0.4109,0.0832,5
9500001,0.05255,0.3477,0.1175,5
9600001,0.03565,0.2782,0.09495,5
9700001,0.04275,0.4021,0.09665,5
9800001,0.0454,0.3287,0.124,5
9900001,0.0167,0.412,0.0438,5
10000001,0.02615,0.3375,0.1138,5
10100001,0.0403,0.3271,0.1183,5
10200001,0.0239,0.3156,0.078,5
10300001,0.0294,0.399,0.0582,5
10400001,0.0318,0.3471,0.126,5
10500001,0.0443,0.3832,0.1124,5
10600001,0.01905,0.3307,0.05645,5
10700001,0.0248,0.3393,0.1187,5
10800001,0.0215,0.3266,0.0658,5
10900001,0.0642,0.3525,0.132,5
11000001,0.02135,0.36895,0.07305,5
11100001,0.0248,0.34395,0.07765,5
11200001,0.02515,0.34715,0.06835,5
11300001,0.0185,0.1745,0.1058,5
11400001,0.0418,0.3394,0.0989,5
11600001,0.03355,0.3904,0.09015,5
11700001,0.0262,0.39455,0.0761,5
11800001,0.0722,0.48085,0.1522,5
11900001,0.0192,0.3371,0.057,5
12000001,0.02585,0.4335,0.06185,5
12100001,0.09465,0.5284,0.20255,5
12200001,0.0449,0.3101,0.1894,5
12300001,0.06585,0.42375,0.12535,5
12400001,0.0243,0.37775,0.05725,5
12500001,0.11675,0.66665,0.15385,5
12600001,0.0064,0.2492,0.0254,5
12700001,0.0233,0.34065,0.0654,5
12800001,0.0225,0.2986,0.0792,5
12900001,0.0285,0.3922,0.0728,5
13000001,0.0517,0.381,0.1297,5
13100001,0.0204,0.45295,0.06305,5
13200001,0.02545,0.357,0.08145,5
13300001,0.0259,0.4128,0.0651,5
13400001,0.0242,0.3992,0.0608,5
13500001,0.0384,0.46975,0.0877,5
13600001,0.0482,0.3973,0.0929,5
13700001,0.026,0.3524,0.0739,5
13900001,0.0355,0.4057,0.0799,5
14000001,0.0166,0.2818,0.0617,5
14100001,0.0347,0.4267,0.1082,5
14200001,0.0582,0.4476,0.1173,5
14300001,0.0676,0.426,0.1487,5
14400001,0.0347,0.4073,0.08065,5
14500001,0.03585,0.3504,0.0874,5
14600001,0.0332,0.3219,0.10295,5
14700001,0.032,0.3796,0.0996,5
14800001,0.0192,0.2944,0.0455,5
14900001,0.0306,0.3438,0.0858,5
15000001,0.02165,0.31535,0.0598,5
15100001,0.05,0.43585,0.10455,5
15200001,0.0517,0.4166,0.1163,5
15300001,0.0517,0.6269,0.0825,5
15400001,0.0425,0.43745,0.12475,5
15500001,0.0289,0.4359,0.0663,5
15600001,0.017,0.3691,0.0549,5
15700001,0.03,0.323,0.0856,5
15800001,0.02975,0.41745,0.0739,5
15900001,0.0284,0.4136,0.0844,5
16000001,0.0321,0.3871,0.088,5
16100001,0.01765,0.3994,0.0415,5
16200001,0.1978,0.8435,0.2345,5
16300001,0.02275,0.3815,0.05695,5
16400001,0.0174,0.37215,0.0473,5
16500001,0.0409,0.5026,0.0924,5
16600001,0.1118,0.60095,0.19975,5
16700001,0.0428,0.60125,0.06945,5
16800001,0.0311,0.48395,0.09835,5
16900001,0.0561,0.4794,0.1328,5
17000001,0.03115,0.41765,0.07535,5
17100001,0.02255,0.30905,0.05255,5
17200001,0.0793,0.5372,0.1476,5
17300001,0.0329,0.43,0.085,5
17400001,0.0372,0.6289,0.0599,5
17600001,0.0421,0.5059,0.08705,5
17700001,0.0836,0.5642,0.2058,5
17800001,0.0042,0.1871,0.0224,5
17900001,0.0661,0.5067,0.1425,5
18000001,0.0349,0.5041,0.0783,5
18100001,0.0307,0.4276,0.0849,5
18200001,0.0644,0.5141,0.1253,5
18400001,0.1034,0.3911,0.2771,5
18500001,0.0213,0.3798,0.0492,5
18600001,0.02535,0.3868,0.0602,5
18700001,0.2765,0.7504,0.3684,5
18800001,0.016,0.3605,0.0554,5
18900001,0.0446,0.5672,0.087,5
19000001,0.1133,0.3173,0.3571,5
19100001,0.1178,0.5019,0.2086,5
19200001,0.051,0.4403,0.12595,5
19300001,0.1476,0.6617,0.2231,5
19400001,0.3471,0.5504,0.6306,5
19500001,0.12025,0.30995,0.4008,5
19600001,0.0792,0.4566,0.14125,5
19700001,0.0262,0.4121,0.0613,5
19800001,0.0418,0.4013,0.1003,5
19900001,0.0502,0.2355,0.2819,5
20000001,0.0377,0.372,0.0922,5
20100001,0.02205,0.3788,0.0541,5
20200001,0.0329,0.1938,0.4615,5
20300001,0.0169,0.2562,0.0661,5
20400001,0.0302,0.3147,0.07495,5
20500001,0.024,0.3973,0.068,5
20600001,0.0195,0.4198,0.0405,5
20700001,0.0825,0.5539,0.1412,5
20800001,0.04955,0.3787,0.1122,5
20900001,0.0586,0.5071,0.1294,5
21000001,0.0779,0.4039,0.1277,5
21100001,0.0225,0.3399,0.1065,5
21200001,0.1062,0.6324,0.168,5
21300001,0.0622,0.5617,0.1326,5
21400001,0.19285,0.6781,0.2811,5
21600001,0.0057,0.3313,0.0171,5
21700001,0.03495,0.41715,0.09775,5
21800001,0.0368,0.4409,0.0693,5
21900001,0.06765,0.5615,0.12495,5
22000001,0.05945,0.4748,0.1234,5
22100001,0.06155,0.5069,0.119,5
22200001,0.0345,0.489,0.0686,5
22300001,0.01765,0.3705,0.05515,5
22400001,0.029,0.4605,0.0859,5
22500001,0.0275,0.39995,0.065,5
22600001,0.0177,0.3418,0.0676,5
22700001,0.0238,0.4716,0.0463,5
22800001,0.0243,0.389,0.05495,5
22900001,0.0688,0.3806,0.1361,5
23000001,0.0322,0.452,0.0649,5
23100001,0.0415,0.4282,0.0969,5
23200001,0.0376,0.4044,0.093,5
23300001,0.044,0.68865,0.08195,5
23400001,0.0337,0.4581,0.0816,5
23500001,0.2098,0.6672,0.3145,5
23600001,0.0142,0.4427,0.041,5
23700001,0.0342,0.379,0.0837,5
23800001,0.0186,0.36705,0.04345,5
23900001,0.02965,0.43025,0.07,5
24000001,0.035,0.4345,0.1147,5
24100001,0.0476,0.34685,0.1296,5
24200001,0.0396,0.41885,0.08685,5
24300001,0.0492,0.4877,0.09845,5
24400001,0.1126,0.5346,0.2106,5
24500001,0.0923,0.4301,0.21465,5
24600001,0.0275,0.3978,0.0688,5
24700001,0.03465,0.47125,0.0734,5
24800001,0.0918,0.5905,0.1555,5
24900001,0.0278,0.5267,0.0478,5
25100001,0.049,0.3619,0.1353,5
25200001,0.0298,0.43285,0.05515,5
25300001,0.0772,0.6744,0.1145,5
25400001,0.0552,0.4515,0.1093,5
25500001,0.03965,0.4961,0.08605,5
25600001,0.1212,0.5357,0.25735,5
25800001,0.0423,0.5147,0.09585,5
25900001,0.0759,0.60575,0.1926,5
26000001,0.0315,0.647,0.0486,5
26100001,0.054,0.5206,0.1093,5
26200001,0.05,0.4876,0.1041,5
26300001,0.0796,0.3626,0.2091,5
400001,0.1265,0.4954,0.2554,6
600001,0.0942,0.4605,0.2045,6
800001,0.0909,0.4183,0.1987,6
900001,0.1066,0.5317,0.19995,6
1000001,0.0216,0.4922,0.0379,6
1100001,0.0376,0.3433,0.1095,6
1200001,0.0126,0.5294,0.0238,6
1300001,0.0778,0.5637,0.1379,6
1400001,0.0671,0.4943,0.1358,6
1500001,0.0718,0.4985,0.144,6
1600001,0.0273,0.3915,0.1183,6
1800001,0.1285,0.5604,0.2294,6
2600001,0.2184,0.5039,0.4333,6
2700001,0.0656,0.5126,0.128,6
2900001,0.0879,0.4828,0.1821,6
3000001,0.0323,0.3918,0.0824,6
